<?xml version="1.0" encoding="UTF-8"?>
<beans xmlns="http://www.springframework.org/schema/beans"
       xmlns:xsi="http://www.w3.org/2001/XMLSchema-instance"
       xmlns:mvc="http://www.springframework.org/schema/mvc"
       xsi:schemaLocation="http://www.springframework.org/schema/beans
    http://www.springframework.org/schema/beans/spring-beans-4.2.xsd
    http://www.springframework.org/schema/mvc
    http://www.springframework.org/schema/mvc/spring-mvc.xsd">

    <!-- 1: 启动注解，注册服务，如验证框架、全局类型转换器-->
    <mvc:annotation-driven>
        <!-- 解决ResponseBody返回的json数据中时间类型的数据未格式化且只返回时间戳的问题 -->
        <mvc:message-converters>
            <bean class="org.springframework.http.converter.json.MappingJackson2HttpMessageConverter">
                <property name="objectMapper">
                    <bean class="com.fasterxml.jackson.databind.ObjectMapper">
                        <property name="dateFormat">
                            <bean class="java.text.SimpleDateFormat">
                                <constructor-arg type="java.lang.String" value="yyyy-MM-dd HH:mm:ss"/>
                            </bean>
                        </property>
                    </bean>
                </property>
            </bean>
        </mvc:message-converters>
    </mvc:annotation-driven>
    <mvc:default-servlet-handler/>


    <!-- 配置视图解析器
    <bean id="jspViewResolver" class="org.springframework.web.servlet.view.InternalResourceViewResolver">
        <property name="viewClass" value="org.springframework.web.servlet.view.JstlView"/>
        <property name="prefix" value="/WEB-INF/jsp/"/>
        <property name="suffix" value=".jsp"/>
    </bean>-->


    <!-- 3: 使用thymeleaf解析 -->
    <bean id="templateResolver"
          class="org.thymeleaf.spring4.templateresolver.SpringResourceTemplateResolver">
        <property name="prefix" value="/WEB-INF/templates/"/>
        <property name="suffix" value=".html"/>
        <property name="templateMode" value="HTML"/>
        <property name="cacheable" value="false"/>
        <property name="characterEncoding" value="UTF-8"/>
    </bean>

    <bean id="templateEngine"
          class="org.thymeleaf.spring4.SpringTemplateEngine">
        <property name="templateResolver" ref="templateResolver"/>
    </bean>

    <bean class="org.thymeleaf.spring4.view.ThymeleafViewResolver">
        <property name="templateEngine" ref="templateEngine"/>
        <!--解决中文乱码-->
        <property name="characterEncoding" value="UTF-8"/>
    </bean>


    <!-- 4: -->
    <bean id="multipartResolver"
          class="org.springframework.web.multipart.commons.CommonsMultipartResolver">

        <property name="defaultEncoding" value="UTF-8"/>
        <property name="maxUploadSize" value="10000000"/>

    </bean>


    <!-- 5: 静态资源加载 -->
    <mvc:resources location="/static/javascript/" mapping="/javascript/**"/>
    <mvc:resources location="/static/css/" mapping="/css/**"/>
    <mvc:resources location="/static/image/" mapping="/image/**"/>
    <mvc:resources location="/WEB-INF/templates" mapping="/view/**"/>

    <!--<mvc:resources location="/upload/" mapping="/upload/**"/>-->

</beans>