<?xml version="1.0" encoding="UTF-8"?>
<beans xmlns="http://www.springframework.org/schema/beans"
       xmlns:xsi="http://www.w3.org/2001/XMLSchema-instance"
       xmlns:tx="http://www.springframework.org/schema/tx" xmlns:aop="http://www.springframework.org/schema/aop"
       xsi:schemaLocation="http://www.springframework.org/schema/beans
    http://www.springframework.org/schema/beans/spring-beans.xsd
http://www.springframework.org/schema/tx http://www.springframework.org/schema/tx/spring-tx.xsd http://www.springframework.org/schema/aop http://www.springframework.org/schema/aop/spring-aop.xsd">

    <import resource="classpath*:config/spring-mybatis.xml"/>

    <!-- 1: 事务配置 -->
    <!--在service层配置事务-->
    <bean id="txManager" class="org.springframework.jdbc.datasource.DataSourceTransactionManager">
        <property name="dataSource" ref="dataSource"/>
    </bean>
    <tx:advice id="txAdvice" transaction-manager="txManager">
        <tx:attributes>
            <tx:method name="insert*" propagation="REQUIRED"/>
            <tx:method name="update*" propagation="REQUIRED"/>
            <tx:method name="save*" propagation="REQUIRED"/>

            <tx:method name="get*" propagation="SUPPORTS" read-only="true"/>
            <tx:method name="find*" propagation="SUPPORTS" read-only="true"/>
            <tx:method name="search*" propagation="SUPPORTS" read-only="true"/>
            <tx:method name="query*" propagation="SUPPORTS" read-only="true"/>

            <tx:method name="*" propagation="REQUIRED"/>
            <tx:method name="*" rollback-for="java.lang.Exception"/>
        </tx:attributes>
    </tx:advice>
    <aop:config>
        <aop:pointcut id="txPointcut" expression="execution(* com.tao.seaman.*.service.*.impl..*(..))"/>
        <aop:advisor advice-ref="txAdvice" pointcut-ref="txPointcut"/>
    </aop:config>

    <!-- Spring声明式事务的配置 -->
    <tx:annotation-driven transaction-manager="txManager"/>

</beans>