<?xml version="1.0" encoding="UTF-8"?>
<beans xmlns="http://www.springframework.org/schema/beans"
       xmlns:xsi="http://www.w3.org/2001/XMLSchema-instance"
       xmlns:context="http://www.springframework.org/schema/context"
       xsi:schemaLocation="http://www.springframework.org/schema/beans
    http://www.springframework.org/schema/beans/spring-beans.xsd
    http://www.springframework.org/schema/context
    http://www.springframework.org/schema/context/spring-context.xsd">

    <!-- 引入database.properties数据库 -->
    <context:property-placeholder location="classpath*:properties/database.properties" ignore-unresolvable="true"/>

    <!-- ========================================配置数据源========================================= -->
    <!-- 配置数据源，使用的是alibaba的Druid(德鲁伊)数据源 -->
    <bean id="dataSource" class="com.alibaba.druid.pool.DruidDataSource" init-method="init" destroy-method="close">
        <property name="url" value="${com.tao.jdbc.url}"/>
        <property name="driverClassName" value="${com.tao.jdbc.driver}"/>
        <property name="username" value="${com.tao.jdbc.username}"/>
        <property name="password" value="${com.tao.jdbc.password}"/>

        <!-- 初始化时建立物理连接的个数。初始化发生在显示调用init方法，或者第一次getConnection时-->
        <property name="initialSize" value="5"/>
        <!-- 最小连接池数量 -->
        <property name="minIdle" value="5"/>
        <!-- 最大连接池数量。 -->
        <property name="maxActive" value="20"/>
        <!-- 获取连接时最大等待时间，单位毫秒。配置了maxWait之后，缺省启用公平锁，并发效率会有所下降，如果需要可以通过配置useUnfairLock属性为true使用非公平锁。 -->
        <property name="maxWait" value="10000"/>
        <!-- 是否缓存preparedStatement，也就是PSCache。PSCache对支持游标的数据库性能提升巨大，比如说oracle。在mysql下建议关闭。 -->
        <property name="poolPreparedStatements" value="true"/>
        <!-- 要启用PSCache，必须配置大于0，当大于0时，poolPreparedStatements自动触发修改为true。 -->
        <property name="maxOpenPreparedStatements" value="10"/>
        <!-- 用来检测连接是否有效的sql，要求是一个查询语句。如果validationQuery为null，testOnBorrow、testOnReturn、testWhileIdle都不会其作用。 -->
        <property name="validationQuery" value="select 1"/>
        <!-- 申请连接时执行validationQuery检测连接是否有效，做了这个配置会降低性能。 -->
        <property name="testOnBorrow" value="true"/>
        <!-- 归还连接时执行validationQuery检测连接是否有效，做了这个配置会降低性能 -->
        <property name="testOnReturn" value="false"/>
        <!-- 建议配置为true，不影响性能，并且保证安全性。申请连接的时候检测，如果空闲时间大于timeBetweenEvictionRunsMillis，执行validationQuery检测连接是否有效。 -->
        <property name="testWhileIdle" value="true"/>
        <!-- 有两个含义： 1) Destroy线程会检测连接的间隔时间2) testWhileIdle的判断依据，详细看testWhileIdle属性的说明 -->
        <property name="timeBetweenEvictionRunsMillis" value="60000"/>
        <!-- 连接保持空闲而不被驱逐的最长时间。 -->
        <property name="minEvictableIdleTimeMillis" value="300000"/>
        <!-- 属性类型是字符串，通过别名的方式配置扩展插件，常用的插件有：监控统计用的filter:stat日志用的filter:log4j防御sql注入的filter:wall -->
        <property name="filters" value="stat"/>
    </bean>

    <!-- ========================================分隔线========================================= -->

    <!-- ========================================针对myBatis的配置项============================== -->
    <!-- spring和MyBatis完美整合，不需要mybatis的配置映射文件 -->
    <bean id="sqlSessionFactory" class="org.mybatis.spring.SqlSessionFactoryBean">
        <property name="dataSource" ref="dataSource"/>
        <!-- 配置mybatis全局配置文件：mybatis-config.xml -->
        <property name="configLocation" value="classpath:mybatis-config.xml"/>
        <!-- mybatis分页插件PageHelper -->
        <property name="plugins">
            <array>
                <bean class="com.github.pagehelper.PageInterceptor">
                    <property name="properties">
                        <value>
                            helperDialect=PostgreSQL
                            reasonable=true
                        </value>
                    </property>
                </bean>
            </array>
        </property>
        <!-- 自动扫描所有SQL映射的xml文件-->
        <!-- 这样配置, 就能扫描到所有子模块的*Dao.xml文件了 -->
        <property name="mapperLocations" value="classpath*:com/tao/seaman/**/xml/*Dao.xml"/>
    </bean>

    <!-- 配置扫描器 -->
    <bean class="org.mybatis.spring.mapper.MapperScannerConfigurer">
        <!-- 扫描所有Dao接口类 -->
        <property name="basePackage" value="com.tao.seaman.*.dao"/>
        <property name="sqlSessionFactoryBeanName" value="sqlSessionFactory"/>
    </bean>


</beans>