<?xml version="1.0" encoding="UTF-8"?>
<!DOCTYPE generatorConfiguration
        PUBLIC "-//mybatis.org//DTD MyBatis Generator Configuration 1.0//EN"
        "http://mybatis.org/dtd/mybatis-generator-config_1_0.dtd">

<generatorConfiguration>
    <context id="my_tables" targetRuntime="MyBatis3">

        <!-- 注释相关设置 -->
        <commentGenerator>
            <!-- 是否去除自动生成的注释, true: 是; false: 否 -->
            <property name="suppressAllComments" value="false" />
        </commentGenerator>

        <!--数据库连接的信息：驱动类、连接地址、用户名、密码 -->
        <jdbcConnection driverClass="org.postgresql.Driver"
                        connectionURL="jdbc:postgresql://127.0.0.1:5432/seaman?charSet=utf-8"
                        userId="postgres"
                        password="password">
        </jdbcConnection>

        <!-- 默认false, 把JDBC DECIMAL 和 NUMERIC 类型解析为 Integer; 为 true 时把 JDBC DECIMAL 和
            NUMERIC 类型解析为 java.math.BigDecimal -->
        <javaTypeResolver>
            <property name="forceBigDecimals" value="false" />
        </javaTypeResolver>

        <!-- 生成POJO类的位置. targetPackage为包名, targetProject为项目位置, 采用相对路径 -->
        <javaModelGenerator targetPackage="com.tao.seaman.upm.entity"
                            targetProject="src/main/java">
            <!-- enableSubPackages: 是否让schema作为包的后缀 -->
            <property name="enableSubPackages" value="false" />
        </javaModelGenerator>

        <!-- mapper映射文件生成的位置 -->
        <!--<sqlMapGenerator targetPackage="com.tao.smp.generator.mapper"
                         targetProject="src/main/java">
            &lt;!&ndash; enableSubPackages: 是否让schema作为包的后缀 &ndash;&gt;
            <property name="enableSubPackages" value="false" />
        </sqlMapGenerator>-->

        <!-- mapper接口生成的位置 -->
        <!--<javaClientGenerator type="XMLMAPPER"
                             targetPackage="com.tao.smp.generator.dao"
                             targetProject="src/main/java">
            &lt;!&ndash; enableSubPackages: 是否让schema作为包的后缀 &ndash;&gt;
            <property name="enableSubPackages" value="false" />
        </javaClientGenerator>-->

        <!-- 指定数据库表 -->
        <table schema="" tableName="tb_upm_log">
            <domainObjectRenamingRule searchString="^TbUpm" replaceString="" />
        </table>
        <table schema="" tableName="tb_upm_organization">
            <domainObjectRenamingRule searchString="^TbUpm" replaceString="" />
        </table>
        <table schema="" tableName="tb_upm_permission">
            <domainObjectRenamingRule searchString="^TbUpm" replaceString="" />
        </table>
        <table schema="" tableName="tb_upm_role">
            <domainObjectRenamingRule searchString="^TbUpm" replaceString="" />
        </table>
        <table schema="" tableName="tb_upm_role_permission">
            <domainObjectRenamingRule searchString="^TbUpm" replaceString="" />
        </table>
        <table schema="" tableName="tb_upm_system">
            <domainObjectRenamingRule searchString="^TbUpm" replaceString="" />
        </table>
        <table schema="" tableName="tb_upm_user">
            <domainObjectRenamingRule searchString="^TbUpm" replaceString="" />
        </table>
        <table schema="" tableName="tb_upm_user_organization">
            <domainObjectRenamingRule searchString="^TbUpm" replaceString="" />
        </table>
        <table schema="" tableName="tb_upm_user_permission">
            <domainObjectRenamingRule searchString="^TbUpm" replaceString="" />
        </table>
        <table schema="" tableName="tb_upm_user_role">
            <domainObjectRenamingRule searchString="^TbUpm" replaceString="" />
        </table>

        <!-- 有些表的字段需要指定java类型
         <table schema="" tableName="">
            <columnOverride column="" javaType="" />
        </table> -->
    </context>
</generatorConfiguration>